Driver,LapNumber,LapTime,Compound,Stint,PitOutTime,PitInTime
NOR,1.0,0 days 00:01:26.181000,INTERMEDIATE,1.0,,
NOR,2.0,0 days 00:01:37.774000,INTERMEDIATE,1.0,,0 days 01:05:14.626000
NOR,3.0,0 days 00:01:24.075000,MEDIUM,2.0,0 days 01:05:38.119000,
NOR,4.0,0 days 00:01:21.170000,MEDIUM,2.0,,
NOR,5.0,0 days 00:01:18.603000,MEDIUM,2.0,,
NOR,6.0,0 days 00:01:19.343000,MEDIUM,2.0,,
NOR,7.0,0 days 00:01:18.079000,MEDIUM,2.0,,
NOR,8.0,0 days 00:01:18.027000,MEDIUM,2.0,,
NOR,9.0,0 days 00:01:17.106000,MEDIUM,2.0,,
NOR,10.0,0 days 00:01:17.226000,MEDIUM,2.0,,
NOR,11.0,0 days 00:01:17.933000,MEDIUM,2.0,,
NOR,12.0,0 days 00:01:16.868000,MEDIUM,2.0,,
NOR,13.0,0 days 00:01:17.680000,MEDIUM,2.0,,
NOR,14.0,0 days 00:01:16.801000,MEDIUM,2.0,,
NOR,15.0,0 days 00:01:38.836000,MEDIUM,2.0,,0 days 01:22:31.004000
NOR,16.0,0 days 00:01:23.114000,MEDIUM,3.0,0 days 01:22:59.857000,
NOR,17.0,0 days 00:01:17.206000,MEDIUM,3.0,,
NOR,18.0,0 days 00:01:18.118000,MEDIUM,3.0,,
NOR,19.0,0 days 00:01:16.877000,MEDIUM,3.0,,
NOR,20.0,0 days 00:01:16.598000,MEDIUM,3.0,,
NOR,21.0,0 days 00:01:16.974000,MEDIUM,3.0,,
NOR,22.0,0 days 00:01:17.029000,MEDIUM,3.0,,
NOR,23.0,0 days 00:01:19.051000,MEDIUM,3.0,,
NOR,24.0,0 days 00:01:17.212000,MEDIUM,3.0,,
NOR,25.0,0 days 00:01:16.692000,MEDIUM,3.0,,
NOR,26.0,0 days 00:01:16.454000,MEDIUM,3.0,,
NOR,27.0,0 days 00:01:16.187000,MEDIUM,3.0,,
NOR,28.0,0 days 00:01:16.169000,MEDIUM,3.0,,
NOR,29.0,0 days 00:01:16.238000,MEDIUM,3.0,,
NOR,30.0,0 days 00:01:42.958000,MEDIUM,3.0,,
NOR,31.0,0 days 00:01:43.679000,MEDIUM,3.0,,
NOR,32.0,0 days 00:01:18.818000,MEDIUM,3.0,,
NOR,33.0,0 days 00:01:16.514000,MEDIUM,3.0,,
NOR,34.0,0 days 00:01:16.797000,MEDIUM,3.0,,
NOR,35.0,0 days 00:01:16.614000,MEDIUM,3.0,,
NOR,36.0,0 days 00:01:15.845000,MEDIUM,3.0,,
NOR,37.0,0 days 00:01:16.361000,MEDIUM,3.0,,
NOR,38.0,0 days 00:01:16.014000,MEDIUM,3.0,,
NOR,39.0,,MEDIUM,3.0,,
GAS,1.0,0 days 00:01:35.442000,MEDIUM,1.0,,
GAS,2.0,0 days 00:01:26.222000,MEDIUM,1.0,,
GAS,3.0,0 days 00:01:20.561000,MEDIUM,1.0,,
GAS,4.0,0 days 00:01:20.937000,MEDIUM,1.0,,
GAS,5.0,0 days 00:01:20.946000,MEDIUM,1.0,,
GAS,6.0,0 days 00:01:19.779000,MEDIUM,1.0,,
GAS,7.0,0 days 00:01:19.013000,MEDIUM,1.0,,
GAS,8.0,0 days 00:01:18.469000,MEDIUM,1.0,,
GAS,9.0,0 days 00:01:17.916000,MEDIUM,1.0,,
GAS,10.0,0 days 00:01:17.790000,MEDIUM,1.0,,
GAS,11.0,0 days 00:01:18.575000,MEDIUM,1.0,,
GAS,12.0,0 days 00:01:19.019000,MEDIUM,1.0,,
GAS,13.0,0 days 00:01:19.232000,MEDIUM,1.0,,
GAS,14.0,0 days 00:01:18.013000,MEDIUM,1.0,,
GAS,15.0,0 days 00:01:17.595000,MEDIUM,1.0,,
GAS,16.0,0 days 00:01:17.569000,MEDIUM,1.0,,
GAS,17.0,0 days 00:01:17.633000,MEDIUM,1.0,,
GAS,18.0,0 days 00:01:17.456000,MEDIUM,1.0,,
GAS,19.0,0 days 00:01:17.419000,MEDIUM,1.0,,
GAS,20.0,0 days 00:01:17.507000,MEDIUM,1.0,,
GAS,21.0,0 days 00:01:17.774000,MEDIUM,1.0,,
GAS,22.0,0 days 00:01:17.432000,MEDIUM,1.0,,
GAS,23.0,0 days 00:01:18.091000,MEDIUM,1.0,,
GAS,24.0,0 days 00:01:17.292000,MEDIUM,1.0,,
GAS,25.0,0 days 00:01:17.319000,MEDIUM,1.0,,
GAS,26.0,0 days 00:01:17.098000,MEDIUM,1.0,,
GAS,27.0,0 days 00:01:17.050000,MEDIUM,1.0,,
GAS,28.0,0 days 00:01:16.981000,MEDIUM,1.0,,
GAS,29.0,0 days 00:01:16.867000,MEDIUM,1.0,,
GAS,30.0,0 days 00:01:52.733000,MEDIUM,1.0,,0 days 01:42:14.245000
GAS,31.0,0 days 00:01:44.736000,HARD,2.0,0 days 01:42:39.932000,
GAS,32.0,0 days 00:01:20.704000,HARD,2.0,,
GAS,33.0,0 days 00:01:18.117000,HARD,2.0,,
GAS,34.0,0 days 00:01:17.469000,HARD,2.0,,
GAS,35.0,0 days 00:01:17.389000,HARD,2.0,,
GAS,36.0,0 days 00:01:17.233000,HARD,2.0,,
GAS,37.0,0 days 00:01:16.922000,HARD,2.0,,
GAS,38.0,0 days 00:01:18.909000,HARD,2.0,,
GAS,39.0,0 days 00:01:16.835000,HARD,2.0,,
GAS,40.0,0 days 00:01:16.585000,HARD,2.0,,
GAS,41.0,0 days 00:01:16.395000,HARD,2.0,,
GAS,42.0,0 days 00:01:16.245000,HARD,2.0,,
GAS,43.0,0 days 00:01:16.219000,HARD,2.0,,
GAS,44.0,0 days 00:01:17.859000,HARD,2.0,,
GAS,45.0,0 days 00:01:33.480000,HARD,2.0,,
GAS,46.0,0 days 00:01:16.888000,HARD,2.0,,
GAS,47.0,0 days 00:01:18.366000,HARD,2.0,,
GAS,48.0,0 days 00:01:17.589000,HARD,2.0,,
GAS,49.0,0 days 00:01:16.686000,HARD,2.0,,
GAS,50.0,0 days 00:01:16.065000,HARD,2.0,,
GAS,51.0,0 days 00:01:21.545000,HARD,2.0,,
GAS,52.0,0 days 00:01:43.810000,HARD,2.0,,
GAS,53.0,0 days 00:01:21.624000,HARD,2.0,,
GAS,54.0,0 days 00:01:16.366000,HARD,2.0,,
GAS,55.0,0 days 00:01:15.863000,HARD,2.0,,
GAS,56.0,0 days 00:01:15.861000,HARD,2.0,,
GAS,57.0,0 days 00:01:15.785000,HARD,2.0,,
GAS,58.0,0 days 00:01:15.983000,HARD,2.0,,
GAS,59.0,0 days 00:01:15.752000,HARD,2.0,,
GAS,60.0,0 days 00:01:15.927000,HARD,2.0,,
GAS,61.0,0 days 00:01:15.895000,HARD,2.0,,
GAS,62.0,0 days 00:01:16.121000,HARD,2.0,,
GAS,63.0,0 days 00:01:15.821000,HARD,2.0,,
GAS,64.0,0 days 00:01:16.853000,HARD,2.0,,
GAS,65.0,0 days 00:01:18.473000,HARD,2.0,,
GAS,66.0,0 days 00:01:16.840000,HARD,2.0,,
GAS,67.0,0 days 00:01:15.390000,HARD,2.0,,
PER,1.0,0 days 00:01:38.381000,INTERMEDIATE,1.0,,
PER,2.0,0 days 00:01:45.019000,INTERMEDIATE,1.0,,0 days 01:05:31.792000
PER,3.0,0 days 00:01:27.118000,SOFT,2.0,0 days 01:05:57.532000,
PER,4.0,0 days 00:01:21.608000,SOFT,2.0,,
PER,5.0,0 days 00:01:20.101000,SOFT,2.0,,
PER,6.0,0 days 00:01:19.057000,SOFT,2.0,,
PER,7.0,0 days 00:01:18.721000,SOFT,2.0,,
PER,8.0,0 days 00:01:18.712000,SOFT,2.0,,
PER,9.0,0 days 00:01:19.086000,SOFT,2.0,,
PER,10.0,0 days 00:01:18.497000,SOFT,2.0,,
PER,11.0,0 days 00:01:18.563000,SOFT,2.0,,
PER,12.0,0 days 00:01:18.687000,SOFT,2.0,,
PER,13.0,0 days 00:01:19.271000,SOFT,2.0,,
PER,14.0,0 days 00:01:19.206000,SOFT,2.0,,
PER,15.0,0 days 00:01:36.181000,SOFT,2.0,,0 days 01:23:07.248000
PER,16.0,0 days 00:01:24.198000,MEDIUM,3.0,0 days 01:23:32.338000,
PER,17.0,0 days 00:01:19.807000,MEDIUM,3.0,,
PER,18.0,0 days 00:01:19.122000,MEDIUM,3.0,,
PER,19.0,0 days 00:01:18.590000,MEDIUM,3.0,,
PER,20.0,0 days 00:01:18.568000,MEDIUM,3.0,,
PER,21.0,0 days 00:01:19.388000,MEDIUM,3.0,,
PER,22.0,0 days 00:01:17.960000,MEDIUM,3.0,,
PER,23.0,0 days 00:01:17.936000,MEDIUM,3.0,,
PER,24.0,0 days 00:01:18.212000,MEDIUM,3.0,,
PER,25.0,0 days 00:01:18.463000,MEDIUM,3.0,,
PER,26.0,0 days 00:01:18.104000,MEDIUM,3.0,,
PER,27.0,0 days 00:01:18.478000,MEDIUM,3.0,,
PER,28.0,0 days 00:01:17.987000,MEDIUM,3.0,,
PER,29.0,0 days 00:01:52.109000,MEDIUM,3.0,,0 days 01:42:06.246000
PER,30.0,0 days 00:01:48.011000,SOFT,4.0,0 days 01:42:31.281000,
PER,31.0,0 days 00:01:23.416000,SOFT,4.0,,
PER,32.0,0 days 00:01:19.248000,SOFT,4.0,,
PER,33.0,0 days 00:01:21.253000,SOFT,4.0,,
PER,34.0,0 days 00:01:18.112000,SOFT,4.0,,
PER,35.0,0 days 00:01:17.120000,SOFT,4.0,,
PER,36.0,0 days 00:01:17.398000,SOFT,4.0,,
PER,37.0,0 days 00:01:16.915000,SOFT,4.0,,
PER,38.0,0 days 00:01:17.423000,SOFT,4.0,,
PER,39.0,0 days 00:01:20.864000,SOFT,4.0,,
PER,40.0,,SOFT,4.0,,0 days 01:57:22.657000
ANT,1.0,0 days 00:01:27.340000,SOFT,1.0,,
ANT,2.0,0 days 00:01:21.447000,SOFT,1.0,,
ANT,3.0,0 days 00:01:18.974000,SOFT,1.0,,
ANT,4.0,0 days 00:01:17.974000,SOFT,1.0,,
ANT,5.0,0 days 00:01:17.058000,SOFT,1.0,,
ANT,6.0,0 days 00:01:17.710000,SOFT,1.0,,
ANT,7.0,0 days 00:01:16.873000,SOFT,1.0,,
ANT,8.0,0 days 00:01:16.047000,SOFT,1.0,,
ANT,9.0,0 days 00:01:15.848000,SOFT,1.0,,
ANT,10.0,0 days 00:01:15.740000,SOFT,1.0,,
ANT,11.0,0 days 00:01:15.630000,SOFT,1.0,,
ANT,12.0,0 days 00:01:15.916000,SOFT,1.0,,
ANT,13.0,0 days 00:01:17.833000,SOFT,1.0,,
ANT,14.0,0 days 00:01:16.126000,SOFT,1.0,,
ANT,15.0,0 days 00:01:15.635000,SOFT,1.0,,
ANT,16.0,0 days 00:01:15.411000,SOFT,1.0,,
ANT,17.0,0 days 00:01:16.531000,SOFT,1.0,,
ANT,18.0,0 days 00:01:15.715000,SOFT,1.0,,
ANT,19.0,0 days 00:01:15.587000,SOFT,1.0,,
ANT,20.0,0 days 00:01:15.559000,SOFT,1.0,,
ANT,21.0,0 days 00:01:15.439000,SOFT,1.0,,
ANT,22.0,0 days 00:01:16.182000,SOFT,1.0,,
ANT,23.0,0 days 00:01:15.413000,SOFT,1.0,,
ANT,24.0,0 days 00:01:16.465000,SOFT,1.0,,
ANT,25.0,0 days 00:01:18.543000,SOFT,1.0,,
ANT,26.0,0 days 00:01:16.480000,SOFT,1.0,,
ANT,27.0,0 days 00:01:15.971000,SOFT,1.0,,
ANT,28.0,0 days 00:01:16.427000,SOFT,1.0,,
ANT,29.0,0 days 00:01:15.752000,SOFT,1.0,,
ANT,30.0,0 days 00:01:16.361000,SOFT,1.0,,
ANT,31.0,0 days 00:01:59.239000,SOFT,1.0,,0 days 01:42:36.253000
ANT,32.0,0 days 00:01:41.101000,MEDIUM,2.0,0 days 01:43:01.314000,
ANT,33.0,0 days 00:01:19.265000,MEDIUM,2.0,,
ANT,34.0,0 days 00:01:16.290000,MEDIUM,2.0,,
ANT,35.0,0 days 00:01:16.101000,MEDIUM,2.0,,
ANT,36.0,0 days 00:01:15.708000,MEDIUM,2.0,,
ANT,37.0,0 days 00:01:15.466000,MEDIUM,2.0,,
ANT,38.0,0 days 00:01:15.235000,MEDIUM,2.0,,
ANT,39.0,0 days 00:01:15.290000,MEDIUM,2.0,,
ANT,40.0,0 days 00:01:15.871000,MEDIUM,2.0,,
ANT,41.0,0 days 00:01:17.905000,MEDIUM,2.0,,
ANT,42.0,0 days 00:01:15.244000,MEDIUM,2.0,,
ANT,43.0,0 days 00:01:14.814000,MEDIUM,2.0,,
ANT,44.0,0 days 00:01:15.179000,MEDIUM,2.0,,
ANT,45.0,0 days 00:01:15.276000,MEDIUM,2.0,,
ANT,46.0,0 days 00:01:33.385000,MEDIUM,2.0,,
ANT,47.0,0 days 00:01:15.877000,MEDIUM,2.0,,
ANT,48.0,0 days 00:01:15.019000,MEDIUM,2.0,,
ANT,49.0,0 days 00:01:14.935000,MEDIUM,2.0,,
ANT,50.0,0 days 00:01:14.770000,MEDIUM,2.0,,
ANT,51.0,0 days 00:01:14.604000,MEDIUM,2.0,,
ANT,52.0,0 days 00:01:14.366000,MEDIUM,2.0,,
ANT,53.0,0 days 00:01:46.356000,MEDIUM,2.0,,
ANT,54.0,0 days 00:01:23.636000,MEDIUM,2.0,,
ANT,55.0,0 days 00:01:15.387000,MEDIUM,2.0,,
ANT,56.0,0 days 00:01:15.009000,MEDIUM,2.0,,
ANT,57.0,0 days 00:01:14.909000,MEDIUM,2.0,,
ANT,58.0,0 days 00:01:14.701000,MEDIUM,2.0,,
ANT,59.0,0 days 00:01:14.790000,MEDIUM,2.0,,
ANT,60.0,0 days 00:01:14.445000,MEDIUM,2.0,,
ANT,61.0,0 days 00:01:14.340000,MEDIUM,2.0,,
ANT,62.0,0 days 00:01:15.413000,MEDIUM,2.0,,
ANT,63.0,0 days 00:01:14.726000,MEDIUM,2.0,,
ANT,64.0,0 days 00:01:15.119000,MEDIUM,2.0,,
ANT,65.0,0 days 00:01:14.769000,MEDIUM,2.0,,
ANT,66.0,0 days 00:01:14.412000,MEDIUM,2.0,,
ANT,67.0,0 days 00:01:14.609000,MEDIUM,2.0,,
ANT,68.0,0 days 00:01:14.210000,MEDIUM,2.0,,
ALO,1.0,0 days 00:01:36.126000,SOFT,1.0,,
ALO,2.0,0 days 00:01:23.708000,SOFT,1.0,,
ALO,3.0,0 days 00:01:21.584000,SOFT,1.0,,
ALO,4.0,0 days 00:01:21.632000,SOFT,1.0,,
ALO,5.0,0 days 00:01:20.381000,SOFT,1.0,,
ALO,6.0,0 days 00:01:20.942000,SOFT,1.0,,
ALO,7.0,0 days 00:01:19.951000,SOFT,1.0,,
ALO,8.0,0 days 00:01:20.619000,SOFT,1.0,,
ALO,9.0,0 days 00:01:19.708000,SOFT,1.0,,
ALO,10.0,0 days 00:01:19.635000,SOFT,1.0,,
ALO,11.0,0 days 00:01:19.737000,SOFT,1.0,,
ALO,12.0,0 days 00:01:20.134000,SOFT,1.0,,
ALO,13.0,0 days 00:01:20.602000,SOFT,1.0,,
ALO,14.0,0 days 00:01:19.699000,SOFT,1.0,,
ALO,15.0,0 days 00:01:20.224000,SOFT,1.0,,
ALO,16.0,0 days 00:01:20.409000,SOFT,1.0,,
ALO,17.0,0 days 00:01:20.790000,SOFT,1.0,,
ALO,18.0,0 days 00:01:20.341000,SOFT,1.0,,
ALO,19.0,0 days 00:01:21.994000,SOFT,1.0,,
ALO,20.0,0 days 00:01:37.254000,SOFT,1.0,,0 days 01:29:34.909000
ALO,21.0,0 days 00:01:24.220000,SOFT,2.0,0 days 01:29:59.578000,
ALO,22.0,0 days 00:01:20.426000,SOFT,2.0,,
ALO,23.0,0 days 00:01:20.864000,SOFT,2.0,,
ALO,24.0,,SOFT,2.0,,0 days 01:35:18.696000
LEC,1.0,0 days 00:01:30.453000,SOFT,1.0,,
LEC,2.0,0 days 00:01:20.351000,SOFT,1.0,,
LEC,3.0,0 days 00:01:19.524000,SOFT,1.0,,
LEC,4.0,0 days 00:01:18.636000,SOFT,1.0,,
LEC,5.0,0 days 00:01:17.808000,SOFT,1.0,,
LEC,6.0,0 days 00:01:17.344000,SOFT,1.0,,
LEC,7.0,0 days 00:01:17.190000,SOFT,1.0,,
LEC,8.0,0 days 00:01:16.639000,SOFT,1.0,,
LEC,9.0,0 days 00:01:16.479000,SOFT,1.0,,
LEC,10.0,0 days 00:01:16.469000,SOFT,1.0,,
LEC,11.0,0 days 00:01:16.227000,SOFT,1.0,,
LEC,12.0,0 days 00:01:16.218000,SOFT,1.0,,
LEC,13.0,0 days 00:01:16.829000,SOFT,1.0,,
LEC,14.0,0 days 00:01:20.202000,SOFT,1.0,,
LEC,15.0,0 days 00:01:16.757000,SOFT,1.0,,
LEC,16.0,0 days 00:01:16.583000,SOFT,1.0,,
LEC,17.0,0 days 00:01:16.553000,SOFT,1.0,,
LEC,18.0,0 days 00:01:16.585000,SOFT,1.0,,
LEC,19.0,0 days 00:01:16.350000,SOFT,1.0,,
LEC,20.0,0 days 00:01:16.280000,SOFT,1.0,,
LEC,21.0,0 days 00:01:16.264000,SOFT,1.0,,
LEC,22.0,0 days 00:01:16.091000,SOFT,1.0,,
LEC,23.0,0 days 00:01:16.279000,SOFT,1.0,,
LEC,24.0,0 days 00:01:16.096000,SOFT,1.0,,
LEC,25.0,0 days 00:01:16.246000,SOFT,1.0,,
LEC,26.0,0 days 00:01:16.279000,SOFT,1.0,,
LEC,27.0,0 days 00:01:16.090000,SOFT,1.0,,
LEC,28.0,0 days 00:01:16.461000,SOFT,1.0,,
LEC,29.0,0 days 00:01:16.296000,SOFT,1.0,,
LEC,30.0,0 days 00:01:20.088000,SOFT,1.0,,
LEC,31.0,0 days 00:02:05.485000,SOFT,1.0,,0 days 01:42:55.080000
LEC,32.0,0 days 00:01:35.420000,MEDIUM,2.0,0 days 01:43:25.314000,
LEC,33.0,0 days 00:01:17.619000,MEDIUM,2.0,,
LEC,34.0,0 days 00:01:17.053000,MEDIUM,2.0,,
LEC,35.0,0 days 00:01:16.251000,MEDIUM,2.0,,
LEC,36.0,0 days 00:01:16.189000,MEDIUM,2.0,,
LEC,37.0,0 days 00:01:15.297000,MEDIUM,2.0,,
LEC,38.0,0 days 00:01:15.364000,MEDIUM,2.0,,
LEC,39.0,0 days 00:01:15.811000,MEDIUM,2.0,,
LEC,40.0,0 days 00:01:15.608000,MEDIUM,2.0,,
LEC,41.0,0 days 00:01:15.612000,MEDIUM,2.0,,
LEC,42.0,0 days 00:01:15.662000,MEDIUM,2.0,,
LEC,43.0,0 days 00:01:15.520000,MEDIUM,2.0,,
LEC,44.0,0 days 00:01:15.369000,MEDIUM,2.0,,
LEC,45.0,0 days 00:01:15.380000,MEDIUM,2.0,,
LEC,46.0,0 days 00:01:31.795000,MEDIUM,2.0,,
LEC,47.0,0 days 00:01:15.360000,MEDIUM,2.0,,
LEC,48.0,0 days 00:01:15.603000,MEDIUM,2.0,,
LEC,49.0,0 days 00:01:15.698000,MEDIUM,2.0,,
LEC,50.0,0 days 00:01:15.433000,MEDIUM,2.0,,
LEC,51.0,0 days 00:01:17.120000,MEDIUM,2.0,,
LEC,52.0,0 days 00:01:23.237000,MEDIUM,2.0,,
LEC,53.0,0 days 00:01:47.267000,MEDIUM,2.0,,
LEC,54.0,0 days 00:01:17.917000,MEDIUM,2.0,,
LEC,55.0,0 days 00:01:16.609000,MEDIUM,2.0,,
LEC,56.0,0 days 00:01:15.972000,MEDIUM,2.0,,
LEC,57.0,0 days 00:01:15.875000,MEDIUM,2.0,,
LEC,58.0,0 days 00:01:15.970000,MEDIUM,2.0,,
LEC,59.0,0 days 00:01:15.981000,MEDIUM,2.0,,
LEC,60.0,0 days 00:01:15.550000,MEDIUM,2.0,,
LEC,61.0,0 days 00:01:15.397000,MEDIUM,2.0,,
LEC,62.0,0 days 00:01:15.574000,MEDIUM,2.0,,
LEC,63.0,0 days 00:01:15.917000,MEDIUM,2.0,,
LEC,64.0,0 days 00:01:16.651000,MEDIUM,2.0,,
LEC,65.0,0 days 00:01:16.472000,MEDIUM,2.0,,
LEC,66.0,0 days 00:01:17.210000,MEDIUM,2.0,,
LEC,67.0,0 days 00:01:16.468000,MEDIUM,2.0,,
LEC,68.0,0 days 00:01:17.526000,MEDIUM,2.0,,
STR,1.0,0 days 00:01:41.845000,SOFT,1.0,0 days 01:02:46.593000,
STR,2.0,0 days 00:01:25.078000,SOFT,1.0,,
STR,3.0,0 days 00:01:24.513000,SOFT,1.0,,
STR,4.0,0 days 00:01:22.518000,SOFT,1.0,,
STR,5.0,0 days 00:01:21.863000,SOFT,1.0,,
STR,6.0,0 days 00:01:20.837000,SOFT,1.0,,
STR,7.0,0 days 00:01:20.901000,SOFT,1.0,,
STR,8.0,0 days 00:01:23.593000,SOFT,1.0,,
STR,9.0,0 days 00:01:20.904000,SOFT,1.0,,
STR,10.0,0 days 00:01:20.266000,SOFT,1.0,,
STR,11.0,0 days 00:01:20.574000,SOFT,1.0,,
STR,12.0,0 days 00:01:20.133000,SOFT,1.0,,
STR,13.0,0 days 00:01:20.526000,SOFT,1.0,,
STR,14.0,0 days 00:01:36.211000,SOFT,1.0,,0 days 01:21:49.716000
STR,15.0,0 days 00:01:25.811000,SOFT,2.0,0 days 01:22:13.966000,
STR,16.0,0 days 00:01:22.036000,SOFT,2.0,,
STR,17.0,0 days 00:01:21.135000,SOFT,2.0,,
STR,18.0,0 days 00:01:19.680000,SOFT,2.0,,
STR,19.0,0 days 00:01:20.036000,SOFT,2.0,,
STR,20.0,0 days 00:01:23.042000,SOFT,2.0,,
STR,21.0,0 days 00:01:19.862000,SOFT,2.0,,
STR,22.0,0 days 00:01:21.253000,SOFT,2.0,,
STR,23.0,0 days 00:01:19.122000,SOFT,2.0,,
STR,24.0,0 days 00:01:19.142000,SOFT,2.0,,
STR,25.0,0 days 00:01:19.076000,SOFT,2.0,,
STR,26.0,0 days 00:01:20.571000,SOFT,2.0,,
STR,27.0,0 days 00:01:19.395000,SOFT,2.0,,
STR,28.0,0 days 00:01:22.859000,SOFT,2.0,,
STR,29.0,0 days 00:01:42.893000,SOFT,2.0,,
STR,30.0,0 days 00:01:44.767000,SOFT,2.0,,
STR,31.0,0 days 00:01:22.230000,SOFT,2.0,,
STR,32.0,0 days 00:01:21.397000,SOFT,2.0,,
STR,33.0,0 days 00:01:20.465000,SOFT,2.0,,
STR,34.0,0 days 00:01:23.956000,SOFT,2.0,,
STR,35.0,0 days 00:01:19.902000,SOFT,2.0,,
STR,36.0,0 days 00:01:20.547000,SOFT,2.0,,
STR,37.0,0 days 00:01:19.966000,SOFT,2.0,,
STR,38.0,0 days 00:01:19.250000,SOFT,2.0,,
STR,39.0,0 days 00:01:18.721000,SOFT,2.0,,
STR,40.0,0 days 00:01:20.294000,SOFT,2.0,,
STR,41.0,0 days 00:01:18.926000,SOFT,2.0,,
STR,42.0,0 days 00:01:21.728000,SOFT,2.0,,
STR,43.0,0 days 00:01:30.971000,SOFT,2.0,,
STR,44.0,0 days 00:01:22.845000,SOFT,2.0,,
STR,45.0,0 days 00:01:20.912000,SOFT,2.0,,
STR,46.0,0 days 00:01:20.342000,SOFT,2.0,,
STR,47.0,0 days 00:01:21.287000,SOFT,2.0,,
STR,48.0,0 days 00:01:20.532000,SOFT,2.0,,
STR,49.0,0 days 00:01:36.887000,SOFT,2.0,,0 days 02:10:11.608000
STR,50.0,0 days 00:01:45.680000,MEDIUM,3.0,0 days 02:10:35.733000,
STR,51.0,0 days 00:01:22.024000,MEDIUM,3.0,,
STR,52.0,0 days 00:01:20.845000,MEDIUM,3.0,,
STR,53.0,0 days 00:01:19.609000,MEDIUM,3.0,,
STR,54.0,0 days 00:01:19.160000,MEDIUM,3.0,,
STR,55.0,0 days 00:01:20.146000,MEDIUM,3.0,,
STR,56.0,0 days 00:01:22.541000,MEDIUM,3.0,,
STR,57.0,0 days 00:01:20.797000,MEDIUM,3.0,,
STR,58.0,0 days 00:01:19.136000,MEDIUM,3.0,,
STR,59.0,0 days 00:01:18.877000,MEDIUM,3.0,,
STR,60.0,0 days 00:01:19.412000,MEDIUM,3.0,,
STR,61.0,0 days 00:01:19.012000,MEDIUM,3.0,,
STR,62.0,0 days 00:01:19.435000,MEDIUM,3.0,,
STR,63.0,0 days 00:01:19.249000,MEDIUM,3.0,,
STR,64.0,0 days 00:01:26.632000,MEDIUM,3.0,,
ALB,1.0,0 days 00:01:39.163000,SOFT,1.0,,
ALB,2.0,0 days 00:01:25.514000,SOFT,1.0,,
ALB,3.0,0 days 00:01:22.804000,SOFT,1.0,,
ALB,4.0,0 days 00:01:20.367000,SOFT,1.0,,
ALB,5.0,0 days 00:01:19.059000,SOFT,1.0,,
ALB,6.0,0 days 00:01:19.533000,SOFT,1.0,,
ALB,7.0,0 days 00:01:18.638000,SOFT,1.0,,
ALB,8.0,0 days 00:01:19.217000,SOFT,1.0,,
ALB,9.0,0 days 00:01:17.641000,SOFT,1.0,,
ALB,10.0,0 days 00:01:17.496000,SOFT,1.0,,
ALB,11.0,0 days 00:01:17.221000,SOFT,1.0,,
ALB,12.0,,SOFT,1.0,,
HUL,1.0,0 days 00:01:33.863000,INTERMEDIATE,1.0,,
HUL,2.0,0 days 00:01:43.067000,INTERMEDIATE,1.0,,0 days 01:05:26.104000
HUL,3.0,0 days 00:01:25.251000,SOFT,2.0,0 days 01:05:51.080000,
HUL,4.0,0 days 00:01:21.051000,SOFT,2.0,,
HUL,5.0,0 days 00:01:19.925000,SOFT,2.0,,
HUL,6.0,0 days 00:01:21.876000,SOFT,2.0,,
HUL,7.0,0 days 00:01:18.523000,SOFT,2.0,,
HUL,8.0,0 days 00:01:18.096000,SOFT,2.0,,
HUL,9.0,0 days 00:01:19.186000,SOFT,2.0,,
HUL,10.0,0 days 00:01:18.341000,SOFT,2.0,,
HUL,11.0,0 days 00:01:18.001000,SOFT,2.0,,
HUL,12.0,0 days 00:01:17.988000,SOFT,2.0,,
HUL,13.0,0 days 00:01:18.209000,SOFT,2.0,,
HUL,14.0,0 days 00:01:17.676000,SOFT,2.0,,
HUL,15.0,0 days 00:01:17.389000,SOFT,2.0,,
HUL,16.0,0 days 00:01:19.039000,SOFT,2.0,,
HUL,17.0,0 days 00:01:17.698000,SOFT,2.0,,
HUL,18.0,0 days 00:01:17.496000,SOFT,2.0,,
HUL,19.0,0 days 00:01:17.126000,SOFT,2.0,,
HUL,20.0,0 days 00:01:40.437000,SOFT,2.0,,0 days 01:29:23.472000
HUL,21.0,0 days 00:01:22.641000,MEDIUM,3.0,0 days 01:29:54.422000,
HUL,22.0,0 days 00:01:18.264000,MEDIUM,3.0,,
HUL,23.0,0 days 00:01:17.726000,MEDIUM,3.0,,
HUL,24.0,0 days 00:01:17.589000,MEDIUM,3.0,,
HUL,25.0,0 days 00:01:17.452000,MEDIUM,3.0,,
HUL,26.0,0 days 00:01:17.472000,MEDIUM,3.0,,
HUL,27.0,0 days 00:01:17.730000,MEDIUM,3.0,,
HUL,28.0,0 days 00:01:17.633000,MEDIUM,3.0,,
HUL,29.0,0 days 00:01:29.696000,MEDIUM,3.0,,
HUL,30.0,0 days 00:01:44.082000,MEDIUM,3.0,,
HUL,31.0,0 days 00:01:33.293000,MEDIUM,3.0,,
HUL,32.0,0 days 00:01:18.388000,MEDIUM,3.0,,
HUL,33.0,0 days 00:01:17.902000,MEDIUM,3.0,,
HUL,34.0,0 days 00:01:17.032000,MEDIUM,3.0,,
HUL,35.0,0 days 00:01:17.051000,MEDIUM,3.0,,
HUL,36.0,0 days 00:01:16.838000,MEDIUM,3.0,,
HUL,37.0,0 days 00:01:16.578000,MEDIUM,3.0,,
HUL,38.0,0 days 00:01:17.028000,MEDIUM,3.0,,
HUL,39.0,0 days 00:01:16.689000,MEDIUM,3.0,,
HUL,40.0,0 days 00:01:16.650000,MEDIUM,3.0,,
HUL,41.0,0 days 00:01:16.837000,MEDIUM,3.0,,
HUL,42.0,0 days 00:01:16.798000,MEDIUM,3.0,,
HUL,43.0,0 days 00:01:16.851000,MEDIUM,3.0,,
HUL,44.0,0 days 00:01:22.025000,MEDIUM,3.0,,
HUL,45.0,0 days 00:01:27.249000,MEDIUM,3.0,,
HUL,46.0,0 days 00:01:17.069000,MEDIUM,3.0,,
HUL,47.0,0 days 00:01:17.101000,MEDIUM,3.0,,
HUL,48.0,0 days 00:01:16.570000,MEDIUM,3.0,,
HUL,49.0,0 days 00:01:16.624000,MEDIUM,3.0,,
HUL,50.0,0 days 00:01:16.284000,MEDIUM,3.0,,
HUL,51.0,0 days 00:01:34.240000,MEDIUM,3.0,,
HUL,52.0,0 days 00:01:35.836000,MEDIUM,3.0,,
HUL,53.0,0 days 00:01:17.497000,MEDIUM,3.0,,
HUL,54.0,0 days 00:01:17.079000,MEDIUM,3.0,,
HUL,55.0,0 days 00:01:16.458000,MEDIUM,3.0,,
HUL,56.0,0 days 00:01:16.510000,MEDIUM,3.0,,
HUL,57.0,0 days 00:01:16.275000,MEDIUM,3.0,,
HUL,58.0,0 days 00:01:17.057000,MEDIUM,3.0,,
HUL,59.0,0 days 00:01:16.329000,MEDIUM,3.0,,
HUL,60.0,0 days 00:01:25.706000,MEDIUM,3.0,,
HUL,61.0,0 days 00:01:16.885000,MEDIUM,3.0,,
HUL,62.0,0 days 00:01:18.443000,MEDIUM,3.0,,
HUL,63.0,0 days 00:01:17.020000,MEDIUM,3.0,,
HUL,64.0,0 days 00:01:17.186000,MEDIUM,3.0,,
HUL,65.0,0 days 00:01:16.453000,MEDIUM,3.0,,
HUL,66.0,0 days 00:01:19.586000,MEDIUM,3.0,,
VER,1.0,0 days 00:01:29.924000,SOFT,1.0,,
VER,2.0,0 days 00:01:20.276000,SOFT,1.0,,
VER,3.0,0 days 00:01:19.617000,SOFT,1.0,,
VER,4.0,0 days 00:01:17.834000,SOFT,1.0,,
VER,5.0,0 days 00:01:17.221000,SOFT,1.0,,
VER,6.0,0 days 00:01:17.206000,SOFT,1.0,,
VER,7.0,0 days 00:01:16.674000,SOFT,1.0,,
VER,8.0,0 days 00:01:16.576000,SOFT,1.0,,
VER,9.0,0 days 00:01:16.804000,SOFT,1.0,,
VER,10.0,0 days 00:01:16.459000,SOFT,1.0,,
VER,11.0,0 days 00:01:16.497000,SOFT,1.0,,
VER,12.0,0 days 00:01:16.352000,SOFT,1.0,,
VER,13.0,0 days 00:01:16.532000,SOFT,1.0,,
VER,14.0,0 days 00:01:16.372000,SOFT,1.0,,
VER,15.0,0 days 00:01:16.174000,SOFT,1.0,,
VER,16.0,0 days 00:01:16.132000,SOFT,1.0,,
VER,17.0,0 days 00:01:16.088000,SOFT,1.0,,
VER,18.0,0 days 00:01:16.006000,SOFT,1.0,,
VER,19.0,0 days 00:01:16.203000,SOFT,1.0,,
VER,20.0,0 days 00:01:16.180000,SOFT,1.0,,
VER,21.0,0 days 00:01:16.744000,SOFT,1.0,,
VER,22.0,0 days 00:01:15.837000,SOFT,1.0,,
VER,23.0,0 days 00:01:16.262000,SOFT,1.0,,
VER,24.0,0 days 00:01:16.871000,SOFT,1.0,,
VER,25.0,0 days 00:01:16.423000,SOFT,1.0,,
VER,26.0,0 days 00:01:16.335000,SOFT,1.0,,
VER,27.0,0 days 00:01:16.262000,SOFT,1.0,,
VER,28.0,0 days 00:01:16.101000,SOFT,1.0,,
VER,29.0,0 days 00:01:16.255000,SOFT,1.0,,
VER,30.0,0 days 00:01:16.010000,SOFT,1.0,,
VER,31.0,0 days 00:01:59.102000,SOFT,1.0,,0 days 01:42:42.217000
VER,32.0,0 days 00:01:40.342000,MEDIUM,2.0,0 days 01:43:07.502000,
VER,33.0,0 days 00:01:18.320000,MEDIUM,2.0,,
VER,34.0,0 days 00:01:17.060000,MEDIUM,2.0,,
VER,35.0,0 days 00:01:16.430000,MEDIUM,2.0,,
VER,36.0,0 days 00:01:16.570000,MEDIUM,2.0,,
VER,37.0,0 days 00:01:15.535000,MEDIUM,2.0,,
VER,38.0,0 days 00:01:15.690000,MEDIUM,2.0,,
VER,39.0,0 days 00:01:15.635000,MEDIUM,2.0,,
VER,40.0,0 days 00:01:15.596000,MEDIUM,2.0,,
VER,41.0,0 days 00:01:15.618000,MEDIUM,2.0,,
VER,42.0,0 days 00:01:15.415000,MEDIUM,2.0,,
VER,43.0,0 days 00:01:15.387000,MEDIUM,2.0,,
VER,44.0,0 days 00:01:15.505000,MEDIUM,2.0,,
VER,45.0,0 days 00:01:15.222000,MEDIUM,2.0,,
VER,46.0,0 days 00:01:32.344000,MEDIUM,2.0,,
VER,47.0,0 days 00:01:15.476000,MEDIUM,2.0,,
VER,48.0,0 days 00:01:15.452000,MEDIUM,2.0,,
VER,49.0,0 days 00:01:15.535000,MEDIUM,2.0,,
VER,50.0,0 days 00:01:15.021000,MEDIUM,2.0,,
VER,51.0,0 days 00:01:15.494000,MEDIUM,2.0,,
VER,52.0,0 days 00:01:18.606000,MEDIUM,2.0,,
VER,53.0,0 days 00:01:44.334000,MEDIUM,2.0,,
VER,54.0,0 days 00:01:21.504000,MEDIUM,2.0,,
VER,55.0,0 days 00:01:15.453000,MEDIUM,2.0,,
VER,56.0,0 days 00:01:15.559000,MEDIUM,2.0,,
VER,57.0,0 days 00:01:15.950000,MEDIUM,2.0,,
VER,58.0,0 days 00:01:15.336000,MEDIUM,2.0,,
VER,59.0,0 days 00:01:14.791000,MEDIUM,2.0,,
VER,60.0,0 days 00:01:14.854000,MEDIUM,2.0,,
VER,61.0,0 days 00:01:15.097000,MEDIUM,2.0,,
VER,62.0,0 days 00:01:15.563000,MEDIUM,2.0,,
VER,63.0,0 days 00:01:15.153000,MEDIUM,2.0,,
VER,64.0,0 days 00:01:15.236000,MEDIUM,2.0,,
VER,65.0,0 days 00:01:14.423000,MEDIUM,2.0,,
VER,66.0,0 days 00:01:14.707000,MEDIUM,2.0,,
VER,67.0,0 days 00:01:15.094000,MEDIUM,2.0,,
VER,68.0,0 days 00:01:14.398000,MEDIUM,2.0,,
LAW,1.0,0 days 00:01:33.222000,MEDIUM,1.0,,
LAW,2.0,0 days 00:01:22.682000,MEDIUM,1.0,,
LAW,3.0,0 days 00:01:21.320000,MEDIUM,1.0,,
LAW,4.0,0 days 00:01:20.125000,MEDIUM,1.0,,
LAW,5.0,0 days 00:01:19.498000,MEDIUM,1.0,,
LAW,6.0,0 days 00:01:18.870000,MEDIUM,1.0,,
LAW,7.0,0 days 00:01:18.744000,MEDIUM,1.0,,
LAW,8.0,0 days 00:01:18.146000,MEDIUM,1.0,,
LAW,9.0,0 days 00:01:18.318000,MEDIUM,1.0,,
LAW,10.0,0 days 00:01:18.168000,MEDIUM,1.0,,
LAW,11.0,0 days 00:01:18.858000,MEDIUM,1.0,,
LAW,12.0,0 days 00:01:18.184000,MEDIUM,1.0,,
LAW,13.0,0 days 00:01:18.384000,MEDIUM,1.0,,
LAW,14.0,0 days 00:01:18.314000,MEDIUM,1.0,,
LAW,15.0,0 days 00:01:17.889000,MEDIUM,1.0,,
LAW,16.0,0 days 00:01:17.801000,MEDIUM,1.0,,
LAW,17.0,0 days 00:01:17.580000,MEDIUM,1.0,,
LAW,18.0,0 days 00:01:17.549000,MEDIUM,1.0,,
LAW,19.0,0 days 00:01:17.553000,MEDIUM,1.0,,
LAW,20.0,0 days 00:01:17.876000,MEDIUM,1.0,,
LAW,21.0,0 days 00:01:17.842000,MEDIUM,1.0,,
LAW,22.0,0 days 00:01:17.484000,MEDIUM,1.0,,
LAW,23.0,0 days 00:01:17.628000,MEDIUM,1.0,,
LAW,24.0,0 days 00:01:17.463000,MEDIUM,1.0,,
LAW,25.0,0 days 00:01:17.753000,MEDIUM,1.0,,
LAW,26.0,0 days 00:01:17.569000,MEDIUM,1.0,,
LAW,27.0,0 days 00:01:17.383000,MEDIUM,1.0,,
LAW,28.0,0 days 00:01:17.533000,MEDIUM,1.0,,
LAW,29.0,0 days 00:01:17.265000,MEDIUM,1.0,,
LAW,30.0,0 days 00:01:51.318000,MEDIUM,1.0,,0 days 01:42:08.207000
LAW,31.0,0 days 00:01:48.232000,SOFT,2.0,0 days 01:42:32.360000,
LAW,32.0,0 days 00:01:21.248000,SOFT,2.0,,
LAW,33.0,0 days 00:01:18.433000,SOFT,2.0,,
LAW,34.0,0 days 00:01:18.177000,SOFT,2.0,,
LAW,35.0,0 days 00:01:17.370000,SOFT,2.0,,
LAW,36.0,0 days 00:01:16.844000,SOFT,2.0,,
LAW,37.0,0 days 00:01:16.974000,SOFT,2.0,,
LAW,38.0,0 days 00:01:16.993000,SOFT,2.0,,
LAW,39.0,0 days 00:01:17.192000,SOFT,2.0,,
LAW,40.0,0 days 00:01:17.472000,SOFT,2.0,,
LAW,41.0,0 days 00:01:17.009000,SOFT,2.0,,
LAW,42.0,0 days 00:01:16.718000,SOFT,2.0,,
LAW,43.0,0 days 00:01:16.598000,SOFT,2.0,,
LAW,44.0,0 days 00:01:16.686000,SOFT,2.0,,
LAW,45.0,0 days 00:01:33.560000,SOFT,2.0,,
LAW,46.0,0 days 00:01:18.339000,SOFT,2.0,,
LAW,47.0,0 days 00:01:16.885000,SOFT,2.0,,
LAW,48.0,0 days 00:01:16.853000,SOFT,2.0,,
LAW,49.0,0 days 00:01:19.196000,SOFT,2.0,,
LAW,50.0,0 days 00:01:16.146000,SOFT,2.0,,
LAW,51.0,0 days 00:01:21.826000,SOFT,2.0,,
LAW,52.0,0 days 00:01:42.649000,SOFT,2.0,,
LAW,53.0,0 days 00:01:22.620000,SOFT,2.0,,
LAW,54.0,0 days 00:01:16.331000,SOFT,2.0,,
LAW,55.0,0 days 00:01:16.080000,SOFT,2.0,,
LAW,56.0,0 days 00:01:15.940000,SOFT,2.0,,
LAW,57.0,0 days 00:01:15.806000,SOFT,2.0,,
LAW,58.0,0 days 00:01:16.103000,SOFT,2.0,,
LAW,59.0,0 days 00:01:15.604000,SOFT,2.0,,
LAW,60.0,0 days 00:01:16.152000,SOFT,2.0,,
LAW,61.0,0 days 00:01:15.981000,SOFT,2.0,,
LAW,62.0,0 days 00:01:16.017000,SOFT,2.0,,
LAW,63.0,0 days 00:01:16.056000,SOFT,2.0,,
LAW,64.0,0 days 00:01:16.854000,SOFT,2.0,,
LAW,65.0,0 days 00:01:17.862000,SOFT,2.0,,
LAW,66.0,0 days 00:01:16.441000,SOFT,2.0,,
LAW,67.0,0 days 00:01:16.427000,SOFT,2.0,,
OCO,1.0,0 days 00:01:36.762000,SOFT,1.0,,
OCO,2.0,0 days 00:01:25.696000,SOFT,1.0,,
OCO,3.0,0 days 00:01:21.685000,SOFT,1.0,,
OCO,4.0,0 days 00:01:21.625000,SOFT,1.0,,
OCO,5.0,0 days 00:01:20.708000,SOFT,1.0,,
OCO,6.0,0 days 00:01:20.625000,SOFT,1.0,,
OCO,7.0,0 days 00:01:23.526000,SOFT,1.0,,
OCO,8.0,0 days 00:01:19.653000,SOFT,1.0,,
OCO,9.0,0 days 00:01:19.102000,SOFT,1.0,,
OCO,10.0,0 days 00:01:18.505000,SOFT,1.0,,
OCO,11.0,0 days 00:01:19.001000,SOFT,1.0,,
OCO,12.0,0 days 00:01:19.613000,SOFT,1.0,,
OCO,13.0,0 days 00:01:19.544000,SOFT,1.0,,
OCO,14.0,0 days 00:01:19.115000,SOFT,1.0,,
OCO,15.0,0 days 00:01:19.683000,SOFT,1.0,,
OCO,16.0,0 days 00:01:38.391000,SOFT,1.0,,0 days 01:24:12.564000
OCO,17.0,0 days 00:01:25.162000,MEDIUM,2.0,0 days 01:24:37.392000,
OCO,18.0,0 days 00:01:19.519000,MEDIUM,2.0,,
OCO,19.0,0 days 00:01:19.385000,MEDIUM,2.0,,
OCO,20.0,0 days 00:01:18.690000,MEDIUM,2.0,,
OCO,21.0,0 days 00:01:18.608000,MEDIUM,2.0,,
OCO,22.0,0 days 00:01:18.640000,MEDIUM,2.0,,
OCO,23.0,0 days 00:01:18.287000,MEDIUM,2.0,,
OCO,24.0,0 days 00:01:18.337000,MEDIUM,2.0,,
OCO,25.0,0 days 00:01:18.572000,MEDIUM,2.0,,
OCO,26.0,0 days 00:01:18.264000,MEDIUM,2.0,,
OCO,27.0,0 days 00:01:19.136000,MEDIUM,2.0,,
OCO,28.0,0 days 00:01:18.606000,MEDIUM,2.0,,
OCO,29.0,0 days 00:01:34.140000,MEDIUM,2.0,,
OCO,30.0,0 days 00:02:10.988000,MEDIUM,2.0,,0 days 01:43:38.334000
OCO,31.0,0 days 00:01:28.276000,SOFT,3.0,0 days 01:44:13.714000,
OCO,32.0,0 days 00:01:19.505000,SOFT,3.0,,
OCO,33.0,0 days 00:01:18.316000,SOFT,3.0,,
OCO,34.0,0 days 00:01:20.216000,SOFT,3.0,,
OCO,35.0,0 days 00:01:17.259000,SOFT,3.0,,
OCO,36.0,0 days 00:01:17.358000,SOFT,3.0,,
OCO,37.0,0 days 00:01:17.592000,SOFT,3.0,,
OCO,38.0,0 days 00:01:18.133000,SOFT,3.0,,
OCO,39.0,0 days 00:01:20.237000,SOFT,3.0,,
OCO,40.0,0 days 00:01:17.402000,SOFT,3.0,,
OCO,41.0,0 days 00:01:18.583000,SOFT,3.0,,
OCO,42.0,0 days 00:01:18.553000,SOFT,3.0,,
OCO,43.0,0 days 00:01:16.675000,SOFT,3.0,,
OCO,44.0,0 days 00:01:33.203000,SOFT,3.0,,
OCO,45.0,0 days 00:01:17.753000,SOFT,3.0,,
OCO,46.0,0 days 00:01:18.854000,SOFT,3.0,,
OCO,47.0,0 days 00:01:19.745000,SOFT,3.0,,
OCO,48.0,0 days 00:01:18.951000,SOFT,3.0,,
OCO,49.0,0 days 00:01:17.314000,SOFT,3.0,,
OCO,50.0,0 days 00:01:32.532000,SOFT,3.0,,
OCO,51.0,0 days 00:01:38.580000,SOFT,3.0,,
OCO,52.0,0 days 00:01:20.475000,SOFT,3.0,,
OCO,53.0,0 days 00:01:18.340000,SOFT,3.0,,
OCO,54.0,0 days 00:01:16.978000,SOFT,3.0,,
OCO,55.0,0 days 00:01:18.384000,SOFT,3.0,,
OCO,56.0,0 days 00:01:16.724000,SOFT,3.0,,
OCO,57.0,0 days 00:01:16.912000,SOFT,3.0,,
OCO,58.0,0 days 00:01:16.914000,SOFT,3.0,,
OCO,59.0,0 days 00:01:16.882000,SOFT,3.0,,
OCO,60.0,0 days 00:01:16.765000,SOFT,3.0,,
OCO,61.0,0 days 00:01:17.516000,SOFT,3.0,,
OCO,62.0,0 days 00:01:16.992000,SOFT,3.0,,
OCO,63.0,0 days 00:01:16.836000,SOFT,3.0,,
OCO,64.0,0 days 00:01:16.577000,SOFT,3.0,,
OCO,65.0,0 days 00:01:16.739000,SOFT,3.0,,
OCO,66.0,0 days 00:01:16.754000,SOFT,3.0,,
COL,1.0,0 days 00:01:32.675000,MEDIUM,1.0,,
COL,2.0,0 days 00:01:22.225000,MEDIUM,1.0,,
COL,3.0,0 days 00:01:20.994000,MEDIUM,1.0,,
COL,4.0,0 days 00:01:20.043000,MEDIUM,1.0,,
COL,5.0,0 days 00:01:18.976000,MEDIUM,1.0,,
COL,6.0,0 days 00:01:18.865000,MEDIUM,1.0,,
COL,7.0,0 days 00:01:18.543000,MEDIUM,1.0,,
COL,8.0,0 days 00:01:18.287000,MEDIUM,1.0,,
COL,9.0,0 days 00:01:18.308000,MEDIUM,1.0,,
COL,10.0,0 days 00:01:18.004000,MEDIUM,1.0,,
COL,11.0,0 days 00:01:18.217000,MEDIUM,1.0,,
COL,12.0,0 days 00:01:17.702000,MEDIUM,1.0,,
COL,13.0,0 days 00:01:18.329000,MEDIUM,1.0,,
COL,14.0,0 days 00:01:17.828000,MEDIUM,1.0,,
COL,15.0,0 days 00:01:17.482000,MEDIUM,1.0,,
COL,16.0,0 days 00:01:17.292000,MEDIUM,1.0,,
COL,17.0,0 days 00:01:17.138000,MEDIUM,1.0,,
COL,18.0,0 days 00:01:17.015000,MEDIUM,1.0,,
COL,19.0,0 days 00:01:17.364000,MEDIUM,1.0,,
COL,20.0,0 days 00:01:17.018000,MEDIUM,1.0,,
COL,21.0,0 days 00:01:16.863000,MEDIUM,1.0,,
COL,22.0,0 days 00:01:17.135000,MEDIUM,1.0,,
COL,23.0,0 days 00:01:17.071000,MEDIUM,1.0,,
COL,24.0,0 days 00:01:16.828000,MEDIUM,1.0,,
COL,25.0,0 days 00:01:17.086000,MEDIUM,1.0,,
COL,26.0,0 days 00:01:17.102000,MEDIUM,1.0,,
COL,27.0,0 days 00:01:17.474000,MEDIUM,1.0,,
COL,28.0,0 days 00:01:17.065000,MEDIUM,1.0,,
COL,29.0,0 days 00:01:16.705000,MEDIUM,1.0,,
COL,30.0,0 days 00:01:48.947000,MEDIUM,1.0,,0 days 01:41:53.114000
COL,31.0,0 days 00:01:45.337000,HARD,2.0,0 days 01:42:18.680000,
COL,32.0,0 days 00:01:26.513000,HARD,2.0,,
COL,33.0,0 days 00:01:18.797000,HARD,2.0,,
COL,34.0,0 days 00:01:17.822000,HARD,2.0,,
COL,35.0,0 days 00:01:17.335000,HARD,2.0,,
COL,36.0,0 days 00:01:17.239000,HARD,2.0,,
COL,37.0,0 days 00:01:16.672000,HARD,2.0,,
COL,38.0,0 days 00:01:16.546000,HARD,2.0,,
COL,39.0,0 days 00:01:16.679000,HARD,2.0,,
COL,40.0,0 days 00:01:16.879000,HARD,2.0,,
COL,41.0,0 days 00:01:16.790000,HARD,2.0,,
COL,42.0,0 days 00:01:16.618000,HARD,2.0,,
COL,43.0,0 days 00:01:16.926000,HARD,2.0,,
COL,44.0,0 days 00:01:16.249000,HARD,2.0,,
COL,45.0,0 days 00:01:30.323000,HARD,2.0,,
COL,46.0,0 days 00:01:19.597000,HARD,2.0,,
COL,47.0,0 days 00:01:16.621000,HARD,2.0,,
COL,48.0,0 days 00:01:16.610000,HARD,2.0,,
COL,49.0,0 days 00:01:16.537000,HARD,2.0,,
COL,50.0,0 days 00:01:16.310000,HARD,2.0,,
COL,51.0,0 days 00:01:16.253000,HARD,2.0,,
COL,52.0,0 days 00:01:42.944000,HARD,2.0,,
COL,53.0,0 days 00:01:27.366000,HARD,2.0,,
COL,54.0,0 days 00:01:17.677000,HARD,2.0,,
COL,55.0,0 days 00:01:16.809000,HARD,2.0,,
COL,56.0,0 days 00:01:17.930000,HARD,2.0,,
COL,57.0,0 days 00:01:16.511000,HARD,2.0,,
COL,58.0,0 days 00:01:16.368000,HARD,2.0,,
COL,59.0,0 days 00:01:16.087000,HARD,2.0,,
COL,60.0,0 days 00:01:16.190000,HARD,2.0,,
COL,61.0,0 days 00:01:18.473000,HARD,2.0,,
COL,62.0,0 days 00:01:15.765000,HARD,2.0,,
COL,63.0,0 days 00:01:16.286000,HARD,2.0,,
COL,64.0,0 days 00:01:16.045000,HARD,2.0,,
COL,65.0,0 days 00:01:15.980000,HARD,2.0,,
COL,66.0,0 days 00:01:16.141000,HARD,2.0,,
COL,67.0,0 days 00:01:15.462000,HARD,2.0,,
HAM,1.0,0 days 00:01:28.522000,SOFT,1.0,,
HAM,2.0,0 days 00:01:20.670000,SOFT,1.0,,
HAM,3.0,0 days 00:01:19.708000,SOFT,1.0,,
HAM,4.0,0 days 00:01:17.993000,SOFT,1.0,,
HAM,5.0,0 days 00:01:17.455000,SOFT,1.0,,
HAM,6.0,0 days 00:01:17.014000,SOFT,1.0,,
HAM,7.0,0 days 00:01:16.982000,SOFT,1.0,,
HAM,8.0,0 days 00:01:16.661000,SOFT,1.0,,
HAM,9.0,0 days 00:01:17.920000,SOFT,1.0,,
HAM,10.0,0 days 00:01:16.420000,SOFT,1.0,,
HAM,11.0,0 days 00:01:16.463000,SOFT,1.0,,
HAM,12.0,0 days 00:01:16.227000,SOFT,1.0,,
HAM,13.0,0 days 00:01:16.482000,SOFT,1.0,,
HAM,14.0,0 days 00:01:16.398000,SOFT,1.0,,
HAM,15.0,0 days 00:01:16.259000,SOFT,1.0,,
HAM,16.0,0 days 00:01:16.007000,SOFT,1.0,,
HAM,17.0,0 days 00:01:16.068000,SOFT,1.0,,
HAM,18.0,0 days 00:01:16.171000,SOFT,1.0,,
HAM,19.0,0 days 00:01:16.064000,SOFT,1.0,,
HAM,20.0,0 days 00:01:15.961000,SOFT,1.0,,
HAM,21.0,0 days 00:01:16.853000,SOFT,1.0,,
HAM,22.0,0 days 00:01:20.199000,SOFT,1.0,,
HAM,23.0,0 days 00:01:16.484000,SOFT,1.0,,
HAM,24.0,0 days 00:01:16.503000,SOFT,1.0,,
HAM,25.0,0 days 00:01:16.404000,SOFT,1.0,,
HAM,26.0,0 days 00:01:16.433000,SOFT,1.0,,
HAM,27.0,0 days 00:01:16.415000,SOFT,1.0,,
HAM,28.0,0 days 00:01:16.180000,SOFT,1.0,,
HAM,29.0,0 days 00:01:16.374000,SOFT,1.0,,
HAM,30.0,0 days 00:01:18.973000,SOFT,1.0,,
HAM,31.0,0 days 00:02:02.954000,SOFT,1.0,,0 days 01:42:53.424000
HAM,32.0,0 days 00:01:36.411000,MEDIUM,2.0,0 days 01:43:19.361000,
HAM,33.0,0 days 00:01:17.975000,MEDIUM,2.0,,
HAM,34.0,0 days 00:01:16.498000,MEDIUM,2.0,,
HAM,35.0,0 days 00:01:15.772000,MEDIUM,2.0,,
HAM,36.0,0 days 00:01:15.650000,MEDIUM,2.0,,
HAM,37.0,0 days 00:01:15.285000,MEDIUM,2.0,,
HAM,38.0,0 days 00:01:15.553000,MEDIUM,2.0,,
HAM,39.0,0 days 00:01:15.386000,MEDIUM,2.0,,
HAM,40.0,0 days 00:01:15.139000,MEDIUM,2.0,,
HAM,41.0,0 days 00:01:15.457000,MEDIUM,2.0,,
HAM,42.0,0 days 00:01:15.243000,MEDIUM,2.0,,
HAM,43.0,0 days 00:01:15.285000,MEDIUM,2.0,,
HAM,44.0,0 days 00:01:15.208000,MEDIUM,2.0,,
HAM,45.0,0 days 00:01:14.960000,MEDIUM,2.0,,
HAM,46.0,0 days 00:01:32.168000,MEDIUM,2.0,,
HAM,47.0,0 days 00:01:15.411000,MEDIUM,2.0,,
HAM,48.0,0 days 00:01:14.914000,MEDIUM,2.0,,
HAM,49.0,0 days 00:01:15.186000,MEDIUM,2.0,,
HAM,50.0,0 days 00:01:15.381000,MEDIUM,2.0,,
HAM,51.0,0 days 00:01:14.962000,MEDIUM,2.0,,
HAM,52.0,0 days 00:01:19.569000,MEDIUM,2.0,,
HAM,53.0,0 days 00:01:42.768000,MEDIUM,2.0,,
HAM,54.0,0 days 00:01:21.045000,MEDIUM,2.0,,
HAM,55.0,0 days 00:01:15.090000,MEDIUM,2.0,,
HAM,56.0,0 days 00:01:15.172000,MEDIUM,2.0,,
HAM,57.0,0 days 00:01:15.983000,MEDIUM,2.0,,
HAM,58.0,0 days 00:01:15.459000,MEDIUM,2.0,,
HAM,59.0,0 days 00:01:15.145000,MEDIUM,2.0,,
HAM,60.0,0 days 00:01:14.751000,MEDIUM,2.0,,
HAM,61.0,0 days 00:01:14.573000,MEDIUM,2.0,,
HAM,62.0,0 days 00:01:15.116000,MEDIUM,2.0,,
HAM,63.0,0 days 00:01:14.890000,MEDIUM,2.0,,
HAM,64.0,0 days 00:01:15.069000,MEDIUM,2.0,,
HAM,65.0,0 days 00:01:14.689000,MEDIUM,2.0,,
HAM,66.0,0 days 00:01:14.801000,MEDIUM,2.0,,
HAM,67.0,0 days 00:01:14.699000,MEDIUM,2.0,,
HAM,68.0,0 days 00:01:14.646000,MEDIUM,2.0,,
BOR,1.0,0 days 00:01:35.549000,INTERMEDIATE,1.0,,
BOR,2.0,0 days 00:01:47.354000,INTERMEDIATE,1.0,,0 days 01:05:28.994000
BOR,3.0,0 days 00:01:27.141000,SOFT,2.0,0 days 01:05:57.110000,
BOR,4.0,0 days 00:01:21.219000,SOFT,2.0,,
BOR,5.0,0 days 00:01:19.840000,SOFT,2.0,,
BOR,6.0,0 days 00:01:19.308000,SOFT,2.0,,
BOR,7.0,0 days 00:01:18.545000,SOFT,2.0,,
BOR,8.0,0 days 00:01:18.516000,SOFT,2.0,,
BOR,9.0,0 days 00:01:18.353000,SOFT,2.0,,
BOR,10.0,0 days 00:01:17.931000,SOFT,2.0,,
BOR,11.0,0 days 00:01:18.468000,SOFT,2.0,,
BOR,12.0,0 days 00:01:18.445000,SOFT,2.0,,
BOR,13.0,0 days 00:01:18.279000,SOFT,2.0,,
BOR,14.0,0 days 00:01:17.698000,SOFT,2.0,,
BOR,15.0,0 days 00:01:17.904000,SOFT,2.0,,
BOR,16.0,0 days 00:01:17.752000,SOFT,2.0,,
BOR,17.0,0 days 00:01:17.701000,SOFT,2.0,,
BOR,18.0,0 days 00:01:34.414000,SOFT,2.0,,0 days 01:26:54.006000
BOR,19.0,0 days 00:01:25.108000,MEDIUM,3.0,0 days 01:27:18.599000,
BOR,20.0,0 days 00:01:18.990000,MEDIUM,3.0,,
BOR,21.0,0 days 00:01:19.980000,MEDIUM,3.0,,
BOR,22.0,0 days 00:01:18.210000,MEDIUM,3.0,,
BOR,23.0,0 days 00:01:17.711000,MEDIUM,3.0,,
BOR,24.0,0 days 00:01:17.483000,MEDIUM,3.0,,
BOR,25.0,0 days 00:01:17.683000,MEDIUM,3.0,,
BOR,26.0,0 days 00:01:17.708000,MEDIUM,3.0,,
BOR,27.0,0 days 00:01:17.971000,MEDIUM,3.0,,
BOR,28.0,0 days 00:01:17.356000,MEDIUM,3.0,,
BOR,29.0,0 days 00:01:30.324000,MEDIUM,3.0,,
BOR,30.0,0 days 00:01:44.804000,MEDIUM,3.0,,
BOR,31.0,0 days 00:01:32.626000,MEDIUM,3.0,,
BOR,32.0,0 days 00:01:18.791000,MEDIUM,3.0,,
BOR,33.0,0 days 00:01:17.815000,MEDIUM,3.0,,
BOR,34.0,0 days 00:01:17.508000,MEDIUM,3.0,,
BOR,35.0,0 days 00:01:17.109000,MEDIUM,3.0,,
BOR,36.0,0 days 00:01:16.863000,MEDIUM,3.0,,
BOR,37.0,0 days 00:01:16.684000,MEDIUM,3.0,,
BOR,38.0,0 days 00:01:16.549000,MEDIUM,3.0,,
BOR,39.0,0 days 00:01:16.418000,MEDIUM,3.0,,
BOR,40.0,0 days 00:01:16.615000,MEDIUM,3.0,,
BOR,41.0,0 days 00:01:16.627000,MEDIUM,3.0,,
BOR,42.0,0 days 00:01:16.402000,MEDIUM,3.0,,
BOR,43.0,0 days 00:01:18.144000,MEDIUM,3.0,,
BOR,44.0,0 days 00:01:25.754000,MEDIUM,3.0,,
BOR,45.0,0 days 00:01:24.257000,MEDIUM,3.0,,
BOR,46.0,0 days 00:01:16.663000,MEDIUM,3.0,,
BOR,47.0,0 days 00:01:16.657000,MEDIUM,3.0,,
BOR,48.0,0 days 00:01:16.266000,MEDIUM,3.0,,
BOR,49.0,0 days 00:01:16.762000,MEDIUM,3.0,,
BOR,50.0,0 days 00:01:16.221000,MEDIUM,3.0,,
BOR,51.0,0 days 00:01:36.971000,MEDIUM,3.0,,
BOR,52.0,0 days 00:01:36.299000,MEDIUM,3.0,,
BOR,53.0,0 days 00:01:17.669000,MEDIUM,3.0,,
BOR,54.0,0 days 00:01:17.121000,MEDIUM,3.0,,
BOR,55.0,0 days 00:01:16.951000,MEDIUM,3.0,,
BOR,56.0,0 days 00:01:16.730000,MEDIUM,3.0,,
BOR,57.0,0 days 00:01:16.799000,MEDIUM,3.0,,
BOR,58.0,0 days 00:01:16.699000,MEDIUM,3.0,,
BOR,59.0,0 days 00:01:16.371000,MEDIUM,3.0,,
BOR,60.0,0 days 00:01:16.569000,MEDIUM,3.0,,
BOR,61.0,0 days 00:01:17.325000,MEDIUM,3.0,,
BOR,62.0,0 days 00:01:16.933000,MEDIUM,3.0,,
BOR,63.0,0 days 00:01:17.439000,MEDIUM,3.0,,
BOR,64.0,0 days 00:01:20.499000,MEDIUM,3.0,,
BOR,65.0,0 days 00:01:16.487000,MEDIUM,3.0,,
BOR,66.0,0 days 00:01:16.576000,MEDIUM,3.0,,
SAI,1.0,0 days 00:01:38.114000,INTERMEDIATE,1.0,,
SAI,2.0,0 days 00:01:42.459000,INTERMEDIATE,1.0,,0 days 01:05:30.088000
SAI,3.0,0 days 00:01:26.386000,MEDIUM,2.0,0 days 01:05:54.704000,
SAI,4.0,0 days 00:01:19.821000,MEDIUM,2.0,,
SAI,5.0,0 days 00:01:18.605000,MEDIUM,2.0,,
SAI,6.0,0 days 00:01:18.184000,MEDIUM,2.0,,
SAI,7.0,0 days 00:01:18.136000,MEDIUM,2.0,,
SAI,8.0,0 days 00:01:17.973000,MEDIUM,2.0,,
SAI,9.0,0 days 00:01:17.596000,MEDIUM,2.0,,
SAI,10.0,0 days 00:01:17.368000,MEDIUM,2.0,,
SAI,11.0,0 days 00:01:17.454000,MEDIUM,2.0,,
SAI,12.0,0 days 00:01:18.394000,MEDIUM,2.0,,
SAI,13.0,0 days 00:01:17.618000,MEDIUM,2.0,,
SAI,14.0,0 days 00:01:17.046000,MEDIUM,2.0,,
SAI,15.0,0 days 00:01:18.961000,MEDIUM,2.0,,
SAI,16.0,0 days 00:01:17.544000,MEDIUM,2.0,,
SAI,17.0,0 days 00:01:17.221000,MEDIUM,2.0,,
SAI,18.0,0 days 00:01:17.169000,MEDIUM,2.0,,
SAI,19.0,0 days 00:01:17.479000,MEDIUM,2.0,,
SAI,20.0,0 days 00:01:17.132000,MEDIUM,2.0,,
SAI,21.0,0 days 00:01:17.224000,MEDIUM,2.0,,
SAI,22.0,0 days 00:01:17.215000,MEDIUM,2.0,,
SAI,23.0,0 days 00:01:16.998000,MEDIUM,2.0,,
SAI,24.0,0 days 00:01:17.140000,MEDIUM,2.0,,
SAI,25.0,0 days 00:01:16.837000,MEDIUM,2.0,,
SAI,26.0,0 days 00:01:16.655000,MEDIUM,2.0,,
SAI,27.0,0 days 00:01:16.989000,MEDIUM,2.0,,
SAI,28.0,0 days 00:01:17.059000,MEDIUM,2.0,,
SAI,29.0,0 days 00:01:16.736000,MEDIUM,2.0,,
SAI,30.0,0 days 00:01:56.283000,MEDIUM,2.0,,0 days 01:42:28.362000
SAI,31.0,0 days 00:01:44.583000,MEDIUM,3.0,0 days 01:42:53.970000,
SAI,32.0,0 days 00:01:19.792000,MEDIUM,3.0,,
SAI,33.0,0 days 00:01:18.600000,MEDIUM,3.0,,
SAI,34.0,0 days 00:01:18.742000,MEDIUM,3.0,,
SAI,35.0,0 days 00:01:17.168000,MEDIUM,3.0,,
SAI,36.0,0 days 00:01:16.599000,MEDIUM,3.0,,
SAI,37.0,0 days 00:01:18.961000,MEDIUM,3.0,,
SAI,38.0,0 days 00:01:16.517000,MEDIUM,3.0,,
SAI,39.0,0 days 00:01:16.764000,MEDIUM,3.0,,
SAI,40.0,0 days 00:01:18.422000,MEDIUM,3.0,,
SAI,41.0,0 days 00:01:16.652000,MEDIUM,3.0,,
SAI,42.0,0 days 00:01:16.832000,MEDIUM,3.0,,
SAI,43.0,0 days 00:01:16.403000,MEDIUM,3.0,,
SAI,44.0,0 days 00:01:18.501000,MEDIUM,3.0,,
SAI,45.0,0 days 00:01:34.901000,MEDIUM,3.0,,
SAI,46.0,0 days 00:01:16.467000,MEDIUM,3.0,,
SAI,47.0,0 days 00:01:16.984000,MEDIUM,3.0,,
SAI,48.0,0 days 00:01:16.314000,MEDIUM,3.0,,
SAI,49.0,0 days 00:01:16.509000,MEDIUM,3.0,,
SAI,50.0,0 days 00:01:16.313000,MEDIUM,3.0,,
SAI,51.0,0 days 00:01:32.657000,MEDIUM,3.0,,
SAI,52.0,0 days 00:01:37.976000,MEDIUM,3.0,,
SAI,53.0,0 days 00:01:17.762000,MEDIUM,3.0,,
SAI,54.0,0 days 00:01:16.764000,MEDIUM,3.0,,
SAI,55.0,0 days 00:01:16.854000,MEDIUM,3.0,,
SAI,56.0,0 days 00:01:16.091000,MEDIUM,3.0,,
SAI,57.0,0 days 00:01:16.319000,MEDIUM,3.0,,
SAI,58.0,0 days 00:01:17.244000,MEDIUM,3.0,,
SAI,59.0,0 days 00:01:16.331000,MEDIUM,3.0,,
SAI,60.0,0 days 00:01:16.034000,MEDIUM,3.0,,
SAI,61.0,0 days 00:01:17.440000,MEDIUM,3.0,,
SAI,62.0,0 days 00:01:16.497000,MEDIUM,3.0,,
SAI,63.0,0 days 00:01:16.373000,MEDIUM,3.0,,
SAI,64.0,0 days 00:01:15.888000,MEDIUM,3.0,,
SAI,65.0,0 days 00:01:15.852000,MEDIUM,3.0,,
SAI,66.0,0 days 00:01:19.410000,MEDIUM,3.0,,
SAI,67.0,0 days 00:01:16.460000,MEDIUM,3.0,,
HAD,1.0,0 days 00:01:31.557000,SOFT,1.0,,
HAD,2.0,0 days 00:01:20.676000,SOFT,1.0,,
HAD,3.0,0 days 00:01:19.281000,SOFT,1.0,,
HAD,4.0,0 days 00:01:18.960000,SOFT,1.0,,
HAD,5.0,0 days 00:01:17.913000,SOFT,1.0,,
HAD,6.0,0 days 00:01:17.838000,SOFT,1.0,,
HAD,7.0,0 days 00:01:17.164000,SOFT,1.0,,
HAD,8.0,0 days 00:01:16.882000,SOFT,1.0,,
HAD,9.0,0 days 00:01:16.898000,SOFT,1.0,,
HAD,10.0,0 days 00:01:16.362000,SOFT,1.0,,
HAD,11.0,0 days 00:01:16.222000,SOFT,1.0,,
HAD,12.0,0 days 00:01:16.662000,SOFT,1.0,,
HAD,13.0,0 days 00:01:17.060000,SOFT,1.0,,
HAD,14.0,0 days 00:01:17.466000,SOFT,1.0,,
HAD,15.0,0 days 00:01:16.841000,SOFT,1.0,,
HAD,16.0,0 days 00:01:16.537000,SOFT,1.0,,
HAD,17.0,0 days 00:01:16.499000,SOFT,1.0,,
HAD,18.0,0 days 00:01:16.732000,SOFT,1.0,,
HAD,19.0,0 days 00:01:16.475000,SOFT,1.0,,
HAD,20.0,0 days 00:01:16.515000,SOFT,1.0,,
HAD,21.0,0 days 00:01:16.282000,SOFT,1.0,,
HAD,22.0,0 days 00:01:16.322000,SOFT,1.0,,
HAD,23.0,0 days 00:01:16.176000,SOFT,1.0,,
HAD,24.0,0 days 00:01:16.427000,SOFT,1.0,,
HAD,25.0,0 days 00:01:16.560000,SOFT,1.0,,
HAD,26.0,0 days 00:01:16.153000,SOFT,1.0,,
HAD,27.0,0 days 00:01:16.318000,SOFT,1.0,,
HAD,28.0,0 days 00:01:16.629000,SOFT,1.0,,
HAD,29.0,0 days 00:01:17.093000,SOFT,1.0,,
HAD,30.0,0 days 00:01:22.318000,SOFT,1.0,,
HAD,31.0,0 days 00:01:57.518000,SOFT,1.0,,0 days 01:42:57.689000
HAD,32.0,0 days 00:01:36.382000,MEDIUM,2.0,0 days 01:43:22.424000,
HAD,33.0,0 days 00:01:18.694000,MEDIUM,2.0,,
HAD,34.0,0 days 00:01:17.350000,MEDIUM,2.0,,
HAD,35.0,0 days 00:01:16.482000,MEDIUM,2.0,,
HAD,36.0,0 days 00:01:16.026000,MEDIUM,2.0,,
HAD,37.0,0 days 00:01:15.459000,MEDIUM,2.0,,
HAD,38.0,0 days 00:01:15.412000,MEDIUM,2.0,,
HAD,39.0,0 days 00:01:16.512000,MEDIUM,2.0,,
HAD,40.0,0 days 00:01:16.248000,MEDIUM,2.0,,
HAD,41.0,0 days 00:01:15.615000,MEDIUM,2.0,,
HAD,42.0,0 days 00:01:15.781000,MEDIUM,2.0,,
HAD,43.0,0 days 00:01:15.463000,MEDIUM,2.0,,
HAD,44.0,0 days 00:01:15.749000,MEDIUM,2.0,,
HAD,45.0,0 days 00:01:15.361000,MEDIUM,2.0,,
HAD,46.0,0 days 00:01:31.100000,MEDIUM,2.0,,
HAD,47.0,0 days 00:01:16.888000,MEDIUM,2.0,,
HAD,48.0,0 days 00:01:15.575000,MEDIUM,2.0,,
HAD,49.0,0 days 00:01:15.673000,MEDIUM,2.0,,
HAD,50.0,0 days 00:01:15.566000,MEDIUM,2.0,,
HAD,51.0,0 days 00:01:15.511000,MEDIUM,2.0,,
HAD,52.0,0 days 00:01:50.309000,MEDIUM,2.0,,0 days 02:10:34.905000
HAD,53.0,0 days 00:01:37.681000,SOFT,3.0,0 days 02:11:09.610000,
HAD,54.0,0 days 00:01:17.624000,SOFT,3.0,,
HAD,55.0,0 days 00:01:15.995000,SOFT,3.0,,
HAD,56.0,0 days 00:01:15.163000,SOFT,3.0,,
HAD,57.0,0 days 00:01:15.010000,SOFT,3.0,,
HAD,58.0,0 days 00:01:14.758000,SOFT,3.0,,
HAD,59.0,0 days 00:01:15.255000,SOFT,3.0,,
HAD,60.0,0 days 00:01:15.008000,SOFT,3.0,,
HAD,61.0,0 days 00:01:15.049000,SOFT,3.0,,
HAD,62.0,0 days 00:01:42.996000,SOFT,3.0,,0 days 02:23:59.361000
HAD,63.0,0 days 00:01:19.543000,SOFT,4.0,0 days 02:24:34.208000,
HAD,64.0,0 days 00:01:15.399000,SOFT,4.0,,
HAD,65.0,0 days 00:01:15.010000,SOFT,4.0,,
HAD,66.0,0 days 00:01:16.230000,SOFT,4.0,,
HAD,67.0,0 days 00:01:14.578000,SOFT,4.0,,
RUS,1.0,0 days 00:01:27.965000,SOFT,1.0,,
RUS,2.0,0 days 00:01:20.925000,SOFT,1.0,,
RUS,3.0,0 days 00:01:19.420000,SOFT,1.0,,
RUS,4.0,0 days 00:01:17.945000,SOFT,1.0,,
RUS,5.0,0 days 00:01:17.034000,SOFT,1.0,,
RUS,6.0,0 days 00:01:16.365000,SOFT,1.0,,
RUS,7.0,0 days 00:01:16.584000,SOFT,1.0,,
RUS,8.0,0 days 00:01:16.105000,SOFT,1.0,,
RUS,9.0,0 days 00:01:15.796000,SOFT,1.0,,
RUS,10.0,0 days 00:01:15.778000,SOFT,1.0,,
RUS,11.0,0 days 00:01:15.572000,SOFT,1.0,,
RUS,12.0,0 days 00:01:16.804000,SOFT,1.0,,
RUS,13.0,0 days 00:01:17.341000,SOFT,1.0,,
RUS,14.0,0 days 00:01:16.192000,SOFT,1.0,,
RUS,15.0,0 days 00:01:15.791000,SOFT,1.0,,
RUS,16.0,0 days 00:01:15.477000,SOFT,1.0,,
RUS,17.0,0 days 00:01:16.545000,SOFT,1.0,,
RUS,18.0,0 days 00:01:15.735000,SOFT,1.0,,
RUS,19.0,0 days 00:01:15.576000,SOFT,1.0,,
RUS,20.0,0 days 00:01:15.538000,SOFT,1.0,,
RUS,21.0,0 days 00:01:15.759000,SOFT,1.0,,
RUS,22.0,0 days 00:01:16.657000,SOFT,1.0,,
RUS,23.0,0 days 00:01:15.877000,SOFT,1.0,,
RUS,24.0,0 days 00:01:16.828000,SOFT,1.0,,
RUS,25.0,0 days 00:01:17.038000,SOFT,1.0,,
RUS,26.0,0 days 00:01:16.321000,SOFT,1.0,,
RUS,27.0,0 days 00:01:16.273000,SOFT,1.0,,
RUS,28.0,0 days 00:01:16.272000,SOFT,1.0,,
RUS,29.0,0 days 00:01:15.541000,SOFT,1.0,,
RUS,30.0,,SOFT,1.0,,
BOT,1.0,0 days 00:01:38.731000,INTERMEDIATE,1.0,,
BOT,2.0,0 days 00:01:27.677000,INTERMEDIATE,1.0,,
BOT,3.0,0 days 00:01:47.804000,INTERMEDIATE,1.0,,0 days 01:07:00.092000
BOT,4.0,0 days 00:01:26.794000,SOFT,2.0,0 days 01:07:28.382000,
BOT,5.0,0 days 00:01:22.238000,SOFT,2.0,,
BOT,6.0,0 days 00:01:21.040000,SOFT,2.0,,
BOT,7.0,0 days 00:01:20.289000,SOFT,2.0,,
BOT,8.0,0 days 00:01:19.925000,SOFT,2.0,,
BOT,9.0,0 days 00:01:39.439000,SOFT,2.0,,0 days 01:15:33.182000
BOT,10.0,0 days 00:01:26.030000,MEDIUM,3.0,0 days 01:15:58.036000,
BOT,11.0,0 days 00:01:19.917000,MEDIUM,3.0,,
BOT,12.0,0 days 00:01:22.238000,MEDIUM,3.0,,
BOT,13.0,0 days 00:01:22.743000,MEDIUM,3.0,,
BOT,14.0,0 days 00:01:19.361000,MEDIUM,3.0,,
BOT,15.0,0 days 00:01:19.225000,MEDIUM,3.0,,
BOT,16.0,0 days 00:01:19.532000,MEDIUM,3.0,,
BOT,17.0,0 days 00:01:21.843000,MEDIUM,3.0,,
BOT,18.0,0 days 00:01:21.105000,MEDIUM,3.0,,
BOT,19.0,0 days 00:01:19.691000,MEDIUM,3.0,,
BOT,20.0,0 days 00:01:22.553000,MEDIUM,3.0,,
BOT,21.0,0 days 00:01:19.490000,MEDIUM,3.0,,
BOT,22.0,0 days 00:01:20.964000,MEDIUM,3.0,,
BOT,23.0,0 days 00:01:20.472000,MEDIUM,3.0,,
BOT,24.0,0 days 00:01:21.847000,MEDIUM,3.0,,
BOT,25.0,0 days 00:01:20.573000,MEDIUM,3.0,,
BOT,26.0,0 days 00:01:19.458000,MEDIUM,3.0,,
BOT,27.0,0 days 00:01:19.336000,MEDIUM,3.0,,
BOT,28.0,0 days 00:01:30.428000,MEDIUM,3.0,,
BOT,29.0,0 days 00:02:01.776000,MEDIUM,3.0,,0 days 01:43:22.299000
BOT,30.0,0 days 00:01:29.383000,SOFT,4.0,0 days 01:43:46.692000,
BOT,31.0,0 days 00:01:21.147000,SOFT,4.0,,
BOT,32.0,0 days 00:01:19.967000,SOFT,4.0,,
BOT,33.0,0 days 00:01:19.163000,SOFT,4.0,,
BOT,34.0,0 days 00:01:19.240000,SOFT,4.0,,
BOT,35.0,0 days 00:01:18.995000,SOFT,4.0,,
BOT,36.0,0 days 00:01:18.887000,SOFT,4.0,,
BOT,37.0,0 days 00:01:19.661000,SOFT,4.0,,
BOT,38.0,0 days 00:01:18.929000,SOFT,4.0,,
BOT,39.0,0 days 00:01:18.775000,SOFT,4.0,,
BOT,40.0,0 days 00:01:18.856000,SOFT,4.0,,
BOT,41.0,0 days 00:01:19.059000,SOFT,4.0,,
BOT,42.0,0 days 00:01:19.412000,SOFT,4.0,,
BOT,43.0,0 days 00:01:39.542000,SOFT,4.0,,
BOT,44.0,0 days 00:01:22.115000,SOFT,4.0,,
BOT,45.0,0 days 00:01:19.104000,SOFT,4.0,,
BOT,46.0,0 days 00:01:25.292000,SOFT,4.0,,
BOT,47.0,0 days 00:01:20.282000,SOFT,4.0,,
BOT,48.0,0 days 00:01:18.670000,SOFT,4.0,,
BOT,49.0,0 days 00:01:59.523000,SOFT,4.0,,0 days 02:11:01.607000
BOT,50.0,0 days 00:01:39.569000,MEDIUM,5.0,0 days 02:11:32.655000,
BOT,51.0,0 days 00:01:21.586000,MEDIUM,5.0,,
BOT,52.0,0 days 00:01:22.701000,MEDIUM,5.0,,
BOT,53.0,0 days 00:01:21.685000,MEDIUM,5.0,,
BOT,54.0,0 days 00:01:19.358000,MEDIUM,5.0,,
BOT,55.0,0 days 00:01:18.557000,MEDIUM,5.0,,
BOT,56.0,0 days 00:01:21.066000,MEDIUM,5.0,,
BOT,57.0,0 days 00:01:18.281000,MEDIUM,5.0,,
BOT,58.0,0 days 00:01:19.584000,MEDIUM,5.0,,
BOT,59.0,0 days 00:01:17.725000,MEDIUM,5.0,,
BOT,60.0,0 days 00:01:18.083000,MEDIUM,5.0,,
BOT,61.0,0 days 00:01:18.111000,MEDIUM,5.0,,
BOT,62.0,0 days 00:01:18.251000,MEDIUM,5.0,,
BOT,63.0,0 days 00:01:18.005000,MEDIUM,5.0,,
BOT,64.0,0 days 00:01:18.065000,MEDIUM,5.0,,
PIA,1.0,0 days 00:01:45.524000,INTERMEDIATE,1.0,,0 days 01:03:55.522000
PIA,2.0,0 days 00:01:24.619000,MEDIUM,2.0,0 days 01:04:19.635000,
PIA,3.0,0 days 00:01:21.819000,MEDIUM,2.0,,
PIA,4.0,0 days 00:01:20.774000,MEDIUM,2.0,,
PIA,5.0,0 days 00:01:19.266000,MEDIUM,2.0,,
PIA,6.0,0 days 00:01:17.969000,MEDIUM,2.0,,
PIA,7.0,0 days 00:01:17.405000,MEDIUM,2.0,,
PIA,8.0,0 days 00:01:17.763000,MEDIUM,2.0,,
PIA,9.0,0 days 00:01:17.857000,MEDIUM,2.0,,
PIA,10.0,0 days 00:01:17.837000,MEDIUM,2.0,,
PIA,11.0,0 days 00:01:16.989000,MEDIUM,2.0,,
PIA,12.0,0 days 00:01:49.686000,MEDIUM,2.0,,0 days 01:18:45.068000
PIA,13.0,0 days 00:01:23.843000,MEDIUM,3.0,0 days 01:19:21.703000,
PIA,14.0,0 days 00:01:17.666000,MEDIUM,3.0,,
PIA,15.0,0 days 00:01:19.199000,MEDIUM,3.0,,
PIA,16.0,0 days 00:01:17.308000,MEDIUM,3.0,,
PIA,17.0,0 days 00:01:17.165000,MEDIUM,3.0,,
PIA,18.0,0 days 00:01:16.666000,MEDIUM,3.0,,
PIA,19.0,0 days 00:01:17.523000,MEDIUM,3.0,,
PIA,20.0,0 days 00:01:16.616000,MEDIUM,3.0,,
PIA,21.0,0 days 00:01:16.292000,MEDIUM,3.0,,
PIA,22.0,0 days 00:01:16.727000,MEDIUM,3.0,,
PIA,23.0,0 days 00:01:17.369000,MEDIUM,3.0,,
PIA,24.0,0 days 00:01:20.247000,MEDIUM,3.0,,
PIA,25.0,0 days 00:01:17.005000,MEDIUM,3.0,,
PIA,26.0,0 days 00:01:16.780000,MEDIUM,3.0,,
PIA,27.0,0 days 00:01:17.204000,MEDIUM,3.0,,
PIA,28.0,0 days 00:01:16.492000,MEDIUM,3.0,,
PIA,29.0,0 days 00:01:26.676000,MEDIUM,3.0,,
PIA,30.0,0 days 00:01:43.050000,MEDIUM,3.0,,
PIA,31.0,0 days 00:01:41.004000,MEDIUM,3.0,,
PIA,32.0,0 days 00:01:19.429000,MEDIUM,3.0,,
PIA,33.0,0 days 00:01:20.594000,MEDIUM,3.0,,
PIA,34.0,0 days 00:01:17.313000,MEDIUM,3.0,,
PIA,35.0,0 days 00:01:16.941000,MEDIUM,3.0,,
PIA,36.0,0 days 00:01:16.379000,MEDIUM,3.0,,
PIA,37.0,0 days 00:01:16.534000,MEDIUM,3.0,,
PIA,38.0,0 days 00:01:16.536000,MEDIUM,3.0,,
PIA,39.0,0 days 00:01:16.550000,MEDIUM,3.0,,
PIA,40.0,0 days 00:01:16.727000,MEDIUM,3.0,,
PIA,41.0,0 days 00:01:16.624000,MEDIUM,3.0,,
PIA,42.0,0 days 00:01:16.010000,MEDIUM,3.0,,
PIA,43.0,0 days 00:01:15.943000,MEDIUM,3.0,,
PIA,44.0,0 days 00:01:18.606000,MEDIUM,3.0,,
PIA,45.0,0 days 00:01:31.327000,MEDIUM,3.0,,
PIA,46.0,0 days 00:01:17.189000,MEDIUM,3.0,,
PIA,47.0,0 days 00:01:16.428000,MEDIUM,3.0,,
PIA,48.0,0 days 00:01:17.053000,MEDIUM,3.0,,
PIA,49.0,0 days 00:01:16.264000,MEDIUM,3.0,,
PIA,50.0,0 days 00:01:15.801000,MEDIUM,3.0,,
PIA,51.0,0 days 00:02:00.121000,MEDIUM,3.0,,0 days 02:10:58.956000
PIA,52.0,0 days 00:01:35.146000,SOFT,4.0,0 days 02:11:34.799000,
PIA,53.0,0 days 00:01:18.397000,SOFT,4.0,,
PIA,54.0,0 days 00:01:17.137000,SOFT,4.0,,
PIA,55.0,0 days 00:01:16.686000,SOFT,4.0,,
PIA,56.0,0 days 00:01:15.934000,SOFT,4.0,,
PIA,57.0,0 days 00:01:15.655000,SOFT,4.0,,
PIA,58.0,0 days 00:01:16.439000,SOFT,4.0,,
PIA,59.0,0 days 00:01:16.208000,SOFT,4.0,,
PIA,60.0,0 days 00:01:17.477000,SOFT,4.0,,
PIA,61.0,0 days 00:01:15.456000,SOFT,4.0,,
PIA,62.0,0 days 00:01:16.343000,SOFT,4.0,,
PIA,63.0,0 days 00:01:15.883000,SOFT,4.0,,
PIA,64.0,0 days 00:01:15.942000,SOFT,4.0,,
PIA,65.0,0 days 00:01:16.575000,SOFT,4.0,,
PIA,66.0,0 days 00:01:18.470000,SOFT,4.0,,
BEA,1.0,0 days 00:01:35.294000,SOFT,1.0,,
BEA,2.0,0 days 00:01:23.857000,SOFT,1.0,,
BEA,3.0,0 days 00:01:21.748000,SOFT,1.0,,
BEA,4.0,0 days 00:01:21.581000,SOFT,1.0,,
BEA,5.0,0 days 00:01:20.063000,SOFT,1.0,,
BEA,6.0,0 days 00:01:19.321000,SOFT,1.0,,
BEA,7.0,0 days 00:01:19.630000,SOFT,1.0,,
BEA,8.0,0 days 00:01:18.890000,SOFT,1.0,,
BEA,9.0,0 days 00:01:18.093000,SOFT,1.0,,
BEA,10.0,0 days 00:01:17.929000,SOFT,1.0,,
BEA,11.0,0 days 00:01:19.752000,SOFT,1.0,,
BEA,12.0,0 days 00:01:20.302000,SOFT,1.0,,
BEA,13.0,0 days 00:01:18.524000,SOFT,1.0,,
BEA,14.0,0 days 00:01:18.205000,SOFT,1.0,,
BEA,15.0,0 days 00:01:17.509000,SOFT,1.0,,
BEA,16.0,0 days 00:01:18.120000,SOFT,1.0,,
BEA,17.0,0 days 00:01:17.520000,SOFT,1.0,,
BEA,18.0,0 days 00:01:17.463000,SOFT,1.0,,
BEA,19.0,0 days 00:01:17.589000,SOFT,1.0,,
BEA,20.0,0 days 00:01:17.646000,SOFT,1.0,,
BEA,21.0,0 days 00:01:17.485000,SOFT,1.0,,
BEA,22.0,0 days 00:01:17.450000,SOFT,1.0,,
BEA,23.0,0 days 00:01:17.629000,SOFT,1.0,,
BEA,24.0,0 days 00:01:17.264000,SOFT,1.0,,
BEA,25.0,0 days 00:01:17.397000,SOFT,1.0,,
BEA,26.0,0 days 00:01:17.519000,SOFT,1.0,,
BEA,27.0,0 days 00:01:17.670000,SOFT,1.0,,
BEA,28.0,0 days 00:01:17.374000,SOFT,1.0,,
BEA,29.0,0 days 00:01:17.283000,SOFT,1.0,,
BEA,30.0,0 days 00:02:13.826000,SOFT,1.0,,0 days 01:42:19.133000
BEA,31.0,0 days 00:01:41.901000,MEDIUM,2.0,0 days 01:43:04.080000,
BEA,32.0,0 days 00:01:19.115000,MEDIUM,2.0,,
BEA,33.0,0 days 00:01:19.528000,MEDIUM,2.0,,
BEA,34.0,0 days 00:01:17.265000,MEDIUM,2.0,,
BEA,35.0,0 days 00:01:17.425000,MEDIUM,2.0,,
BEA,36.0,0 days 00:01:16.870000,MEDIUM,2.0,,
BEA,37.0,0 days 00:01:18.083000,MEDIUM,2.0,,
BEA,38.0,0 days 00:01:16.736000,MEDIUM,2.0,,
BEA,39.0,0 days 00:01:16.558000,MEDIUM,2.0,,
BEA,40.0,0 days 00:01:17.257000,MEDIUM,2.0,,
BEA,41.0,0 days 00:01:18.957000,MEDIUM,2.0,,
BEA,42.0,0 days 00:01:16.677000,MEDIUM,2.0,,
BEA,43.0,0 days 00:01:16.481000,MEDIUM,2.0,,
BEA,44.0,0 days 00:01:16.490000,MEDIUM,2.0,,
BEA,45.0,0 days 00:01:31.974000,MEDIUM,2.0,,
BEA,46.0,0 days 00:01:16.852000,MEDIUM,2.0,,
BEA,47.0,0 days 00:01:16.695000,MEDIUM,2.0,,
BEA,48.0,0 days 00:01:16.592000,MEDIUM,2.0,,
BEA,49.0,0 days 00:01:17.743000,MEDIUM,2.0,,
BEA,50.0,0 days 00:01:16.581000,MEDIUM,2.0,,
BEA,51.0,0 days 00:01:32.476000,MEDIUM,2.0,,
BEA,52.0,0 days 00:01:38.186000,MEDIUM,2.0,,
BEA,53.0,0 days 00:01:18.029000,MEDIUM,2.0,,
BEA,54.0,0 days 00:01:16.912000,MEDIUM,2.0,,
BEA,55.0,0 days 00:01:16.488000,MEDIUM,2.0,,
BEA,56.0,0 days 00:01:16.293000,MEDIUM,2.0,,
BEA,57.0,0 days 00:01:16.270000,MEDIUM,2.0,,
BEA,58.0,0 days 00:01:17.322000,MEDIUM,2.0,,
BEA,59.0,0 days 00:01:16.750000,MEDIUM,2.0,,
BEA,60.0,0 days 00:01:16.503000,MEDIUM,2.0,,
BEA,61.0,0 days 00:01:16.572000,MEDIUM,2.0,,
BEA,62.0,0 days 00:01:16.663000,MEDIUM,2.0,,
BEA,63.0,0 days 00:01:16.376000,MEDIUM,2.0,,
BEA,64.0,0 days 00:01:16.002000,MEDIUM,2.0,,
BEA,65.0,0 days 00:01:16.189000,MEDIUM,2.0,,
BEA,66.0,0 days 00:01:16.015000,MEDIUM,2.0,,
BEA,67.0,0 days 00:01:16.048000,MEDIUM,2.0,,
